Modelo,FPR,TPR,Threshold
Regresión Logística,0.0,0.0,inf
Regresión Logística,0.00011738466956215518,0.0,0.9418949846240119
Regresión Logística,0.00011738466956215518,0.004149377593360996,0.9239398719646008
Regresión Logística,0.002112924052118793,0.004149377593360996,0.886402786397768
Regresión Logística,0.002112924052118793,0.008298755186721992,0.8858658740885662
Regresión Logística,0.004460617443361897,0.008298755186721992,0.8737269427905782
Regresión Logística,0.004460617443361897,0.012448132780082987,0.8736148516119931
Regresión Logística,0.004578002112924052,0.012448132780082987,0.8728972103308118
Regresión Logística,0.004578002112924052,0.016597510373443983,0.8728314780616514
Regresión Logística,0.0059866181476699145,0.016597510373443983,0.868273490384762
Regresión Logística,0.0059866181476699145,0.02074688796680498,0.8676971666812614
Regresión Logística,0.006104002817232069,0.02074688796680498,0.8674619402123663
Regresión Logística,0.006104002817232069,0.024896265560165973,0.8671946452608487
Regresión Logística,0.007160464843291466,0.024896265560165973,0.8623691349060136
Regresión Logística,0.007160464843291466,0.029045643153526972,0.8621406203325226
Regresión Logística,0.007630003521540087,0.029045643153526972,0.8605275283235149
Regresión Logística,0.007630003521540087,0.04149377593360996,0.8596144925777517
Regresión Logística,0.010095081582345346,0.04149377593360996,0.8532331454611758
Regresión Logística,0.010095081582345346,0.04564315352697095,0.8526929276090935
Regresión Logística,0.012325390304026294,0.04564315352697095,0.8470530710415847
Regresión Logística,0.012325390304026294,0.04979253112033195,0.8469402913687027
Regresión Logística,0.015612161051766639,0.04979253112033195,0.8373913075520847
Regresión Logística,0.015612161051766639,0.05394190871369295,0.8368524939489141
Regresión Logística,0.017959854443009744,0.05394190871369295,0.8334986074005543
Regresión Logística,0.017959854443009744,0.058091286307053944,0.8334674344194728
Regresión Logística,0.025707242634111983,0.058091286307053944,0.8217828528513893
Regresión Logística,0.025707242634111983,0.06224066390041494,0.8215330412039857
Regresión Logística,0.026881089329733536,0.06224066390041494,0.820244374573943
Regresión Logística,0.026881089329733536,0.06639004149377593,0.8201439555651913
Regresión Logística,0.0282897053644794,0.06639004149377593,0.8176094533440661
Regresión Logística,0.0282897053644794,0.07053941908713693,0.8173625799814754
Regresión Logística,0.028876628712290176,0.07053941908713693,0.816906291004951
Regresión Logística,0.028876628712290176,0.07468879668049792,0.8168627659962382
Regresión Logística,0.02922878272097664,0.07468879668049792,0.8161231481134575
Regresión Logística,0.02922878272097664,0.07883817427385892,0.816053643581124
Regresión Logística,0.035684939546895174,0.07883817427385892,0.8076170673427328
Regresión Logística,0.035684939546895174,0.08298755186721991,0.8075840257453848
Regresión Logística,0.03591970888601949,0.08298755186721991,0.8072744044216416
Regresión Logística,0.03591970888601949,0.0912863070539419,0.807103794611295
Regresión Logística,0.037093555581641034,0.0912863070539419,0.8057052586225979
Regresión Logística,0.037093555581641034,0.0954356846473029,0.8056118083839511
Regresión Logística,0.03873694095551121,0.0954356846473029,0.8044686000107368
Regresión Logística,0.03873694095551121,0.0995850622406639,0.8044533758565248
Regresión Logística,0.04225848104237587,0.0995850622406639,0.8013838982367983
Regresión Logística,0.04225848104237587,0.1037344398340249,0.8013698344256509
Regresión Logística,0.044254020424932504,0.1037344398340249,0.799506626912952
Regresión Logística,0.044254020424932504,0.1078838174273859,0.7994833998556135
Regresión Logística,0.046484329146613455,0.1078838174273859,0.797331639132804
Regresión Logística,0.046484329146613455,0.11203319502074689,0.7972240587624327
Regresión Logística,0.049536330555229484,0.11203319502074689,0.7937846567980911
Regresión Logística,0.049536330555229484,0.11618257261410789,0.7937690637384301
Regresión Logística,0.05446648667684,0.11618257261410789,0.7890025214355755
Regresión Logística,0.05446648667684,0.12033195020746888,0.7886312564689857
Regresión Logística,0.05481864068552647,0.12033195020746888,0.788089692844735
Regresión Logística,0.05481864068552647,0.12448132780082988,0.7880870647922013
Regresión Logística,0.05834018077239113,0.12448132780082988,0.783803697234572
Regresión Logística,0.05834018077239113,0.12863070539419086,0.7837860411826718
Regresión Logística,0.058927104120201905,0.12863070539419086,0.7826497996906563
Regresión Logística,0.058927104120201905,0.13278008298755187,0.7823859369791214
Regresión Logística,0.05904448878976406,0.13278008298755187,0.7823479722406195
Regresión Logística,0.05904448878976406,0.13692946058091288,0.7823031125158156
Regresión Logística,0.06397464491137457,0.13692946058091288,0.7779204033469802
Regresión Logística,0.06397464491137457,0.14107883817427386,0.7779183850749279
Regresión Logística,0.0657354149548069,0.14107883817427386,0.7770527428191145
Regresión Logística,0.0657354149548069,0.14522821576763487,0.7770350787811177
Regresión Logística,0.06960910905035803,0.14522821576763487,0.7746697454248198
Regresión Logística,0.06960910905035803,0.14937759336099585,0.7746427901557487
Regresión Logística,0.07007864772860664,0.14937759336099585,0.7743177843913798
Regresión Logística,0.07007864772860664,0.15352697095435686,0.7740354717129083
Regresión Logística,0.0712524944242282,0.15352697095435686,0.7726243126659039
Regresión Logística,0.0712524944242282,0.15767634854771784,0.7725389450046155
Regresión Logística,0.07770865125014673,0.15767634854771784,0.7668179380890897
Regresión Logística,0.07770865125014673,0.16182572614107885,0.7667185863065565
Regresión Logística,0.08252142270219509,0.16182572614107885,0.7629629930647617
Regresión Logística,0.08252142270219509,0.16597510373443983,0.7627628704299032
Regresión Logística,0.08416480807606527,0.16597510373443983,0.7617459994270706
Regresión Logística,0.08416480807606527,0.17012448132780084,0.7616733374705653
Regresión Logística,0.08709942481511915,0.17012448132780084,0.7586882079540226
Regresión Logística,0.08709942481511915,0.17427385892116182,0.7585736207024223
Regresión Logística,0.0882732715107407,0.17427385892116182,0.7579184317111101
Regresión Logística,0.0882732715107407,0.17842323651452283,0.7578765854974147
Regresión Logística,0.0950815823453457,0.17842323651452283,0.7534246642886483
Regresión Logística,0.0950815823453457,0.1825726141078838,0.7534046790977683
Regresión Logística,0.09590327503228079,0.1825726141078838,0.7531267050907653
Regresión Logística,0.09590327503228079,0.18672199170124482,0.7531009353389082
Regresión Logística,0.09825096842352389,0.18672199170124482,0.7519418615787712
Regresión Logística,0.09825096842352389,0.1950207468879668,0.7517085104116119
Regresión Logística,0.100598661814767,0.1950207468879668,0.7496879212794128
Regresión Logística,0.100598661814767,0.1991701244813278,0.7496261931813156
Regresión Logística,0.1029463552060101,0.1991701244813278,0.7480294902378313
Regresión Logística,0.1029463552060101,0.2033195020746888,0.7479497059343486
Regresión Logística,0.10306373987557226,0.2033195020746888,0.7477656823531497
Regresión Logística,0.10306373987557226,0.2074688796680498,0.7476004895523394
Regresión Logística,0.10341589388425872,0.2074688796680498,0.7474605663460465
Regresión Logística,0.10341589388425872,0.21161825726141079,0.7474411551884407
Regresión Logística,0.10505927925812888,0.21161825726141079,0.7462962860945807
Regresión Logística,0.10505927925812888,0.2157676348547718,0.746140706440651
Regresión Logística,0.10799389599718277,0.2157676348547718,0.7439509031964833
Regresión Logística,0.10799389599718277,0.21991701244813278,0.7438898784970989
Regresión Logística,0.11116328207536096,0.21991701244813278,0.7419817933878047
Regresión Logística,0.11116328207536096,0.22406639004149378,0.7419609287368383
Regresión Logística,0.11139805141448526,0.22406639004149378,0.7418367498986305
Regresión Logística,0.11139805141448526,0.22821576763485477,0.7417984103973484
Regresión Logística,0.11562389951872286,0.22821576763485477,0.7391320653431485
Regresión Logística,0.11562389951872286,0.23236514522821577,0.738996147544181
Regresión Logística,0.11785420824040381,0.23236514522821577,0.7370963363168163
Regresión Logística,0.11785420824040381,0.23651452282157676,0.7369194928422741
Regresión Logística,0.12067144030989553,0.23651452282157676,0.735131212488303
Regresión Logística,0.12067144030989553,0.24066390041493776,0.735094474685346
Regresión Logística,0.12114097898814415,0.24066390041493776,0.7350007769330454
Regresión Logística,0.12114097898814415,0.24481327800829875,0.7349155520058378
Regresión Logística,0.12254959502289,0.24481327800829875,0.7341404073605227
Regresión Logística,0.12254959502289,0.24896265560165975,0.7341344345498698
Regresión Logística,0.12618851977931683,0.24896265560165975,0.7316490196351613
Regresión Logística,0.12618851977931683,0.25311203319502074,0.7314756423516529
Regresión Logística,0.1304143678835544,0.25311203319502074,0.728797871446564
Regresión Logística,0.1304143678835544,0.2572614107883817,0.7287680251711276
Regresión Logística,0.1310012912313652,0.2572614107883817,0.7279658260161013
Regresión Logística,0.1310012912313652,0.26141078838174275,0.7278299701697739
Regresión Logística,0.13393590797041907,0.26141078838174275,0.7261167898968811
Regresión Logística,0.13393590797041907,0.26556016597510373,0.7261022647935764
Regresión Logística,0.134640215987792,0.26556016597510373,0.72572986432274
Regresión Logística,0.134640215987792,0.2697095435684647,0.7256964056671368
Regresión Logística,0.13628360136166218,0.2697095435684647,0.7247512392805815
Regresión Logística,0.13628360136166218,0.27385892116182575,0.7247291712347392
Regresión Logística,0.1406268341354619,0.27385892116182575,0.7219906035290359
Regresión Logística,0.1406268341354619,0.27800829875518673,0.7219386934873555
Regresión Logística,0.14191806550064562,0.27800829875518673,0.7210089345958913
Regresión Logística,0.14191806550064562,0.2821576763485477,0.7207377563368729
Regresión Logística,0.14285714285714285,0.2821576763485477,0.7199740867639695
Regresión Logística,0.14285714285714285,0.2863070539419087,0.7198263690619089
Regresión Logística,0.14403098955276442,0.2863070539419087,0.7187441437355624
Regresión Logística,0.14403098955276442,0.29045643153526973,0.7185628429206049
Regresión Logística,0.14872637633525063,0.29045643153526973,0.7147722678501378
Regresión Logística,0.14872637633525063,0.2946058091286307,0.7147588099560934
Regresión Logística,0.15013499236999647,0.2946058091286307,0.7140034274715328
Regresión Logística,0.15013499236999647,0.2987551867219917,0.7138942240917878
Regresión Logística,0.15201314708299096,0.2987551867219917,0.7122061844081083
Regresión Logística,0.15201314708299096,0.3029045643153527,0.7121678365297646
Regresión Logística,0.1540086864655476,0.3029045643153527,0.7104831965339983
Regresión Logística,0.1540086864655476,0.3070539419087137,0.7102606252203744
Regresión Logística,0.1595257659349689,0.3070539419087137,0.7076819908138534
Regresión Logística,0.1595257659349689,0.3112033195020747,0.7076741071501711
Regresión Logística,0.1608169973001526,0.3112033195020747,0.7072962258928777
Regresión Logística,0.1608169973001526,0.3153526970954357,0.7072636885623886
Regresión Logística,0.16281253668270923,0.3153526970954357,0.7055259816811618
Regresión Logística,0.16281253668270923,0.31950207468879666,0.7055076291589713
Regresión Logística,0.1631646906913957,0.31950207468879666,0.705494585383784
Regresión Logística,0.1631646906913957,0.3236514522821577,0.7054058808681568
Regresión Logística,0.1697382321868764,0.3236514522821577,0.7002857403651416
Regresión Logística,0.1697382321868764,0.3278008298755187,0.7002572393962405
Regresión Logística,0.1725554642563681,0.3278008298755187,0.6986081995570715
Regresión Logística,0.1725554642563681,0.33195020746887965,0.6985918980761574
Regresión Logística,0.17279023359549242,0.33195020746887965,0.6984577005590613
Regresión Logística,0.17279023359549242,0.3360995850622407,0.6983963043843129
Regresión Logística,0.17302500293461673,0.3360995850622407,0.6983441745547153
Regresión Logística,0.17302500293461673,0.34024896265560167,0.6983059135882081
Regresión Logística,0.17325977227374104,0.34024896265560167,0.697997048151063
Regresión Logística,0.17325977227374104,0.34439834024896265,0.6979773585757821
Regresión Logística,0.17619438901279494,0.34439834024896265,0.6961051368964442
Regresión Logística,0.17619438901279494,0.34854771784232363,0.6960656128146432
Regresión Logística,0.1765465430214814,0.34854771784232363,0.695659913812708
Regresión Logística,0.1765465430214814,0.35269709543568467,0.6956217357019121
Regresión Logística,0.18135931447352976,0.35269709543568467,0.6917654511623865
Regresión Logística,0.18135931447352976,0.35684647302904565,0.6917650461267864
Regresión Logística,0.18147669914309192,0.35684647302904565,0.6916438568351406
Regresión Logística,0.18147669914309192,0.36099585062240663,0.6915841805730285
Regresión Logística,0.1827679305082756,0.36099585062240663,0.6905111553513342
Regresión Logística,0.1827679305082756,0.3651452282157676,0.6904688761477797
Regresión Logística,0.18323746918652423,0.3651452282157676,0.6903329556284293
Regresión Logística,0.18323746918652423,0.36929460580912865,0.6903181622851529
Regresión Logística,0.1846460852212701,0.36929460580912865,0.6890098106526046
Regresión Logística,0.1846460852212701,0.37344398340248963,0.6887728571008511
Regresión Logística,0.18628947059514028,0.37344398340248963,0.6879087087264151
Regresión Logística,0.18628947059514028,0.3775933609958506,0.6877124121509474
Regresión Logística,0.1865242399342646,0.3775933609958506,0.6876383300399667
Regresión Logística,0.1865242399342646,0.3817427385892116,0.6876346996784471
Regresión Logística,0.18687639394295105,0.3817427385892116,0.6873517415708562
Regresión Logística,0.18687639394295105,0.38589211618257263,0.6873405204927919
Regresión Logística,0.1886371639863834,0.38589211618257263,0.6862847286598721
Regresión Logística,0.1886371639863834,0.3900414937759336,0.6862411741788249
Regresión Logística,0.18957624134288062,0.3900414937759336,0.6854459271438103
Regresión Logística,0.18957624134288062,0.3941908713692946,0.6854416860836247
Regresión Logística,0.19028054936025354,0.3941908713692946,0.6849199496283016
Regresión Logística,0.19028054936025354,0.3983402489626556,0.684831629066342
Regresión Logística,0.19380208944711821,0.3983402489626556,0.68280480534386
Regresión Logística,0.19380208944711821,0.4024896265560166,0.6827860800109937
Regresión Logística,0.19474116680361545,0.4024896265560166,0.6818968055710787
Regresión Logística,0.19474116680361545,0.4066390041493776,0.6818290560766501
Regresión Logística,0.19544547482098837,0.4066390041493776,0.6816534033085261
Regresión Logística,0.19544547482098837,0.4107883817427386,0.681616009781013
Regresión Logística,0.19614978283836132,0.4107883817427386,0.681320184628938
Regresión Logística,0.19614978283836132,0.4149377593360996,0.6812092726517529
Regresión Logística,0.19626716750792347,0.4149377593360996,0.6808775031213423
Regresión Logística,0.19626716750792347,0.4190871369294606,0.6807956760332502
Regresión Logística,0.19849747622960442,0.4190871369294606,0.6793024186377721
Regresión Logística,0.19849747622960442,0.42323651452282157,0.6792797749882231
Regresión Logística,0.19943655358610166,0.42323651452282157,0.6787594566193613
Regresión Logística,0.19943655358610166,0.42738589211618255,0.678712001310666
Regresión Logística,0.2031928630120906,0.42738589211618255,0.675985193091358
Regresión Logística,0.2031928630120906,0.4315352697095436,0.6758474246438274
Regresión Logística,0.20847517314238762,0.4315352697095436,0.6730574995385308
Regresión Logística,0.20847517314238762,0.43568464730290457,0.6728620088296161
Regresión Logística,0.20906209649019838,0.43568464730290457,0.672336227685546
Regresión Logística,0.20906209649019838,0.43983402489626555,0.6722421385618044
Regresión Logística,0.21058809719450639,0.43983402489626555,0.671303749321983
Regresión Logística,0.21058809719450639,0.44398340248962653,0.6712301926059261
Regresión Logística,0.21129240521187934,0.44398340248962653,0.6705122240346022
Regresión Logística,0.21129240521187934,0.44813278008298757,0.6703615400782923
Regresión Logística,0.2116445592205658,0.44813278008298757,0.6700672054214937
Regresión Logística,0.2116445592205658,0.45228215767634855,0.6700316443007113
Regresión Logística,0.21270102124662518,0.45228215767634855,0.6694373022245113
Regresión Logística,0.21270102124662518,0.45643153526970953,0.6693975696287949
Regresión Logística,0.21340532926399813,0.45643153526970953,0.6690461387962227
Regresión Logística,0.21340532926399813,0.4605809128630705,0.6689082358681591
Regresión Logística,0.2155182533161169,0.4605809128630705,0.6669859893660206
Regresión Logística,0.2155182533161169,0.46473029045643155,0.6669737207551075
Regresión Logística,0.2173964080291114,0.46473029045643155,0.6656220166296488
Regresión Logística,0.2173964080291114,0.46887966804979253,0.6653934018809422
Regresión Logística,0.21986148608991665,0.46887966804979253,0.663842422537971
Regresión Logística,0.21986148608991665,0.4730290456431535,0.6638222565803684
Regresión Logística,0.22091794811597606,0.4730290456431535,0.6624967516029064
Regresión Logística,0.22091794811597606,0.47717842323651455,0.6620339352994463
Regresión Logística,0.22103533278553822,0.47717842323651455,0.6619097223494244
Regresión Logística,0.22103533278553822,0.48132780082987553,0.661654265135459
Regresión Logística,0.22197441014203545,0.48132780082987553,0.6610655645726414
Regresión Logística,0.22197441014203545,0.4854771784232365,0.6609559934191798
Regresión Logística,0.2223265641507219,0.4854771784232365,0.6602114373957757
Regresión Logística,0.2223265641507219,0.49377593360995853,0.660089292595287
Regresión Logística,0.22326564150721917,0.49377593360995853,0.6593946362222084
Regresión Logística,0.22326564150721917,0.4979253112033195,0.6593727912995302
Regresión Logística,0.22350041084634348,0.4979253112033195,0.6590813203395065
Regresión Logística,0.22350041084634348,0.5020746887966805,0.6590151821652798
Regresión Logística,0.22361779551590563,0.5020746887966805,0.6589696207036277
Regresión Logística,0.22361779551590563,0.5062240663900415,0.658950946449975
Regresión Logística,0.22502641155065148,0.5062240663900415,0.6580752954809015
Regresión Logística,0.22502641155065148,0.5103734439834025,0.6578997787603525
Regresión Logística,0.22537856555933794,0.5103734439834025,0.6576500124859864
Regresión Logística,0.22537856555933794,0.5145228215767634,0.6576261225358472
Regresión Logística,0.22878272097664046,0.5145228215767634,0.6560047034006063
Regresión Logística,0.22878272097664046,0.5186721991701245,0.6559691702422156
Regresión Logística,0.23289118441131587,0.5186721991701245,0.6524056731697503
Regresión Logística,0.23289118441131587,0.5228215767634855,0.6523969183742679
Regresión Logística,0.23535626247212113,0.5228215767634855,0.6506219480265975
Regresión Logística,0.23535626247212113,0.5269709543568465,0.6505167149753529
Regresión Logística,0.2365301091677427,0.5269709543568465,0.6494534980239595
Regresión Logística,0.2365301091677427,0.5311203319502075,0.6491901259419787
Regresión Logística,0.23934734123723442,0.5311203319502075,0.647715194719335
Regresión Logística,0.23934734123723442,0.5352697095435685,0.6477139324674118
Regresión Logística,0.23958211057635873,0.5352697095435685,0.6472676938374
Regresión Logística,0.23958211057635873,0.5435684647302904,0.6469665957042109
Regresión Logística,0.2404038032632938,0.5435684647302904,0.6459745890910149
Regresión Logística,0.2404038032632938,0.5518672199170125,0.6458105994905352
Regresión Logística,0.2412254959502289,0.5518672199170125,0.6453686858756339
Regresión Logística,0.2412254959502289,0.5560165975103735,0.6452958165064874
Regresión Logística,0.24169503462847752,0.5560165975103735,0.6450591615445601
Regresión Logística,0.24169503462847752,0.5601659751037344,0.6449754300216255
Regresión Logística,0.24732949876746096,0.5601659751037344,0.6402744288283959
Regresión Logística,0.24732949876746096,0.5643153526970954,0.6402691612232779
Regresión Logística,0.2528465782368823,0.5643153526970954,0.635533994924253
Regresión Logística,0.2528465782368823,0.5684647302904564,0.6354914903934799
Regresión Logística,0.25366827092381733,0.5684647302904564,0.6349883300643753
Regresión Logística,0.25366827092381733,0.5726141078838174,0.6349531597410515
Regresión Logística,0.25519427162812536,0.5726141078838174,0.6340347591945674
Regresión Logística,0.25519427162812536,0.5767634854771784,0.6338592611456733
Regresión Logística,0.2564855029933091,0.5767634854771784,0.6331157434451953
Regresión Logística,0.2564855029933091,0.5809128630705395,0.633019066887684
Regresión Logística,0.2569550416715577,0.5809128630705395,0.6327690049252783
Regresión Logística,0.2569550416715577,0.5850622406639004,0.6326780054955387
Regresión Logística,0.257189811010682,0.5850622406639004,0.6326407703496155
Regresión Logística,0.257189811010682,0.5892116182572614,0.6325570008602409
Regresión Logística,0.2614156591149196,0.5892116182572614,0.629405139221694
Regresión Logística,0.2614156591149196,0.5975103734439834,0.6291706671868755
Regresión Logística,0.263998121845287,0.5975103734439834,0.6268758737418221
Regresión Logística,0.263998121845287,0.6016597510373444,0.6267157897223918
Regresión Logística,0.2669327385843409,0.6016597510373444,0.6250970582461092
Regresión Logística,0.2669327385843409,0.6058091286307054,0.6250742536330205
Regresión Logística,0.26705012325390304,0.6058091286307054,0.6246209301746242
Regresión Logística,0.26705012325390304,0.6099585062240664,0.6245284561932573
Regresión Logística,0.2684587392886489,0.6099585062240664,0.6236557193220086
Regresión Logística,0.2684587392886489,0.6141078838174274,0.6236141580457077
Regresión Logística,0.27198027937551356,0.6141078838174274,0.6201822637178395
Regresión Logística,0.27198027937551356,0.6182572614107884,0.6200232419092095
Regresión Logística,0.2733888954102594,0.6182572614107884,0.6175797634370471
Regresión Logística,0.2733888954102594,0.6224066390041494,0.6175711845495189
Regresión Logística,0.27608874281018897,0.6224066390041494,0.6156926514316808
Regresión Logística,0.27608874281018897,0.6265560165975104,0.6155882202927391
Regresión Logística,0.27855382087099423,0.6265560165975104,0.6135590676857526
Regresión Logística,0.27855382087099423,0.6307053941908713,0.6133050575179407
Regresión Logística,0.27878859021011854,0.6307053941908713,0.6132088395146125
Regresión Logística,0.27878859021011854,0.6348547717842323,0.6131037380207999
Regresión Logística,0.2789059748796807,0.6348547717842323,0.6130611633052092
Regresión Logística,0.2789059748796807,0.6390041493775933,0.6128924247306637
Regresión Logística,0.2810188989317995,0.6390041493775933,0.6115582165212933
Regresión Logística,0.2810188989317995,0.6431535269709544,0.6114237126562029
Regresión Logística,0.2818405916187346,0.6431535269709544,0.6104937960962886
Regresión Logística,0.2818405916187346,0.6473029045643154,0.6102165031681032
Regresión Logística,0.2827796689752318,0.6473029045643154,0.6093771235657975
Regresión Logística,0.2827796689752318,0.6514522821576764,0.6092336205750079
Regresión Logística,0.28841413311421527,0.6514522821576764,0.6045364722387516
Regresión Logística,0.28841413311421527,0.6556016597510373,0.6044566865999809
Regresión Logística,0.289705364479399,0.6556016597510373,0.6036110682224604
Regresión Logística,0.289705364479399,0.6597510373443983,0.6035005006187362
Regresión Logística,0.29287475055757717,0.6597510373443983,0.6007936545239214
Regresión Logística,0.29287475055757717,0.6639004149377593,0.6004298697911015
Regresión Logística,0.2990961380443714,0.6639004149377593,0.5959528634429833
Regresión Logística,0.2990961380443714,0.6721991701244814,0.5958051832569109
Regresión Logística,0.2996830613921822,0.6721991701244814,0.595412131577539
Regresión Logística,0.2996830613921822,0.6763485477178424,0.5952012033781773
Regresión Logística,0.30214813945298746,0.6763485477178424,0.5937644860369176
Regresión Logística,0.30214813945298746,0.6887966804979253,0.5933167934613025
Regresión Logística,0.30238290879211177,0.6887966804979253,0.593231126859845
Regresión Logística,0.30238290879211177,0.6929460580912863,0.5929692768478854
Regresión Logística,0.303321986148609,0.6929460580912863,0.5915499784968027
Regresión Logística,0.303321986148609,0.6970954356846473,0.5913665400607753
Regresión Logística,0.3062566028876629,0.6970954356846473,0.5884352416100965
Regresión Logística,0.3062566028876629,0.7012448132780082,0.5879034192383528
Regresión Logística,0.3075478342528466,0.7012448132780082,0.5863128598868945
Regresión Logística,0.3075478342528466,0.7053941908713693,0.5863100659393049
Regresión Logística,0.30919121962671675,0.7053941908713693,0.5847742929579178
Regresión Logística,0.30919121962671675,0.7095435684647303,0.5846271616184143
Regresión Logística,0.30954337363540324,0.7095435684647303,0.5843722455536432
Regresión Logística,0.30954337363540324,0.7136929460580913,0.5842873384730911
Regresión Logística,0.3127127597135814,0.7136929460580913,0.5816459281618457
Regresión Logística,0.3127127597135814,0.7178423236514523,0.5812350351583582
Regresión Logística,0.31329968306139216,0.7178423236514523,0.5805508806566019
Regresión Logística,0.31329968306139216,0.7261410788381742,0.5804463193124904
Regresión Logística,0.3171733771569433,0.7261410788381742,0.576001657831025
Regresión Logística,0.3171733771569433,0.7302904564315352,0.5757965655310201
Regresión Logística,0.3191689165394999,0.7302904564315352,0.573143550042684
Regresión Logística,0.3191689165394999,0.7344398340248963,0.5731000076978445
Regresión Logística,0.3197558398873107,0.7344398340248963,0.5722207041336458
Regresión Logística,0.3197558398873107,0.7385892116182573,0.571851729191961
Regresión Logística,0.32116445592205656,0.7385892116182573,0.5694914415340617
Regresión Logística,0.32116445592205656,0.7427385892116183,0.5693606416440634
Regresión Logística,0.3235121493132997,0.7427385892116183,0.5674099510168105
Regresión Logística,0.3235121493132997,0.7468879668049793,0.5672961648571012
Regresión Logística,0.32409907266111043,0.7468879668049793,0.5669339032710998
Regresión Logística,0.32409907266111043,0.7510373443983402,0.5668566327801787
Regresión Logística,0.3242164573306726,0.7510373443983402,0.5668474362389829
Regresión Logística,0.3242164573306726,0.7551867219917012,0.566498086051773
Regresión Logística,0.3250381500176077,0.7551867219917012,0.5655711713682204
Regresión Logística,0.3250381500176077,0.7593360995850622,0.5653667308157447
Regresión Logística,0.32562507336541846,0.7593360995850622,0.564437738501187
Regresión Logística,0.32562507336541846,0.7634854771784232,0.5643423589265797
Regresión Logística,0.3289118441131588,0.7634854771784232,0.5613537215485719
Regresión Logística,0.3289118441131588,0.7676348547717843,0.5610038414620635
Regresión Logística,0.33067261415659116,0.7676348547717843,0.5593473542570135
Regresión Logística,0.33067261415659116,0.7717842323651453,0.5592575440587242
Regresión Logística,0.3313769221739641,0.7717842323651453,0.558099798077041
Regresión Logística,0.3313769221739641,0.7759336099585062,0.5580409990717716
Regresión Logística,0.3326681535391478,0.7759336099585062,0.5570943608101573
Regresión Logística,0.3326681535391478,0.7800829875518672,0.5570854547123165
Regresión Logística,0.33384200023476934,0.7800829875518672,0.5558986778403664
Regresión Logística,0.33384200023476934,0.7842323651452282,0.5558949032101171
Regresión Logística,0.34299800446061746,0.7842323651452282,0.5423616847021376
Regresión Logística,0.34299800446061746,0.7883817427385892,0.5420213571717666
Regresión Logística,0.3435849278084282,0.7883817427385892,0.5409531119798882
Regresión Logística,0.3435849278084282,0.7966804979253111,0.5406403609745737
Regresión Logística,0.3452283131822984,0.7966804979253111,0.5386418836377668
Regresión Logística,0.3452283131822984,0.8049792531120332,0.5382580328205417
Regresión Logística,0.34745862190397936,0.8049792531120332,0.5343340321950624
Regresión Logística,0.34745862190397936,0.8091286307053942,0.5342753798362926
Regresión Logística,0.34898462260828733,0.8091286307053942,0.5319103653057092
Regresión Logística,0.34898462260828733,0.8132780082987552,0.5316612102744538
Regresión Logística,0.34957154595609813,0.8132780082987552,0.5310046307589436
Regresión Logística,0.34957154595609813,0.8174273858921162,0.5308276309281639
Regresión Logística,0.35051062331259536,0.8174273858921162,0.5290569332337576
Regresión Logística,0.35051062331259536,0.8215767634854771,0.5287467286607125
Regresión Logística,0.3564972414602653,0.8215767634854771,0.519725869039816
Regresión Logística,0.3564972414602653,0.8257261410788381,0.5193623795121199
Regresión Logística,0.3590797041906327,0.8257261410788381,0.5152481728019239
Regresión Logística,0.3590797041906327,0.8298755186721992,0.5151948285396427
Regresión Logística,0.3604883202253786,0.8298755186721992,0.5129595266902719
Regresión Logística,0.3604883202253786,0.8340248962655602,0.5127192011856986
Regresión Logística,0.36283601361662166,0.8340248962655602,0.5087090987358858
Regresión Logística,0.36283601361662166,0.8381742738589212,0.5084813721534289
Regresión Logística,0.36577063035567553,0.8381742738589212,0.5003503887890487
Regresión Logística,0.36577063035567553,0.8423236514522822,0.5000575490898485
Regresión Logística,0.3688226317642916,0.8423236514522822,0.49624573434105285
Regresión Logística,0.3688226317642916,0.8464730290456431,0.4962345269226158
Regresión Logística,0.3699964784599131,0.8464730290456431,0.49475034990756805
Regresión Logística,0.3699964784599131,0.8506224066390041,0.4945594857897919
Regresión Logística,0.37152247916422115,0.8506224066390041,0.4918329536428172
Regresión Logística,0.37152247916422115,0.8547717842323651,0.4910170812341728
Regresión Logística,0.37199201784246977,0.8547717842323651,0.49001919574945607
Regresión Logística,0.37199201784246977,0.8589211618257261,0.4899892037123141
Regresión Logística,0.3722267871815941,0.8589211618257261,0.4899109621182817
Regresión Logística,0.3722267871815941,0.8630705394190872,0.4893740043634517
Regresión Logística,0.37469186524239934,0.8630705394190872,0.4868480657208714
Regresión Logística,0.37469186524239934,0.8672199170124482,0.4865054449596093
Regresión Logística,0.37563094259889657,0.8672199170124482,0.4851525726514037
Regresión Logística,0.37563094259889657,0.8755186721991701,0.4848126602508321
Regresión Logística,0.3773917126423289,0.8755186721991701,0.48091438178176543
Regresión Logística,0.3773917126423289,0.8796680497925311,0.48065710313334925
Regresión Logística,0.37950463669444773,0.8796680497925311,0.47593451801395287
Regresión Logística,0.37950463669444773,0.8838174273858921,0.47495917143922584
Regresión Logística,0.3816175607465665,0.8838174273858921,0.4697639632068439
Regresión Logística,0.3816175607465665,0.8921161825726142,0.4688876989735771
Regresión Logística,0.3822044840943773,0.8921161825726142,0.4670933727534903
Regresión Logística,0.3822044840943773,0.8962655601659751,0.4667264663196378
Regresión Logística,0.3847869468247447,0.8962655601659751,0.46356889706575266
Regresión Logística,0.3847869468247447,0.9004149377593361,0.462968482557792
Regresión Logística,0.3852564855029933,0.9004149377593361,0.46146937253818876
Regresión Logística,0.3852564855029933,0.9045643153526971,0.4608944354967583
Regresión Logística,0.38936494893766876,0.9045643153526971,0.45144199315334776
Regresión Logística,0.38936494893766876,0.9087136929460581,0.45130779316629266
Regresión Logística,0.3897171029463552,0.9087136929460581,0.45060046784513347
Regresión Logística,0.3897171029463552,0.9128630705394191,0.4503455943566108
Regresión Logística,0.3912431036506632,0.9128630705394191,0.4473247855995789
Regresión Logística,0.3912431036506632,0.91701244813278,0.44684042202259827
Regresión Logística,0.39229956567672264,0.91701244813278,0.4435815757113414
Regresión Logística,0.39229956567672264,0.921161825726141,0.44357516354193904
Regresión Logística,0.4033337246155652,0.921161825726141,0.4165419257201648
Regresión Logística,0.4033337246155652,0.9253112033195021,0.4163841354361021
Regresión Logística,0.4043901866416246,0.9253112033195021,0.4138639427474159
Regresión Logística,0.4043901866416246,0.9294605809128631,0.41349482668040405
Regresión Logística,0.41190280549360253,0.9294605809128631,0.394991400447266
Regresión Logística,0.41190280549360253,0.9336099585062241,0.3946602230432404
Regresión Logística,0.4229369644324451,0.9336099585062241,0.3685722506379248
Regresión Logística,0.4229369644324451,0.9377593360995851,0.36849691869582474
Regresión Logística,0.42469773447587744,0.9377593360995851,0.3648987317191141
Regresión Logística,0.42469773447587744,0.941908713692946,0.3648769263647163
Regresión Logística,0.4352623547364714,0.941908713692946,0.346308104390037
Regresión Logística,0.4352623547364714,0.946058091286307,0.3461499727669898
Regresión Logística,0.4373752787885902,0.946058091286307,0.34263220263035654
Regresión Logística,0.4373752787885902,0.950207468879668,0.3421776715597805
Regresión Logística,0.44641389834487616,0.950207468879668,0.32605768392463486
Regresión Logística,0.44641389834487616,0.9543568464730291,0.3260340979976985
Regresión Logística,0.447822514379622,0.9543568464730291,0.32314953850481815
Regresión Logística,0.447822514379622,0.9585062240663901,0.3229583321644082
Regresión Logística,0.45040497710998945,0.9585062240663901,0.31894056274209215
Regresión Logística,0.45040497710998945,0.9626556016597511,0.3188321445727468
Regresión Logística,0.4566263645967837,0.9626556016597511,0.31032387058195027
Regresión Logística,0.4566263645967837,0.966804979253112,0.3102474301321496
Regresión Logística,0.4860899166568846,0.966804979253112,0.27328184590823973
Regresión Logística,0.4860899166568846,0.970954356846473,0.27315686137831374
Regresión Logística,0.4971240755957272,0.970954356846473,0.2631516620950723
Regresión Logística,0.4971240755957272,0.975103734439834,0.2630160541035219
Regresión Logística,0.5288179363775091,0.975103734439834,0.23549131523285619
Regresión Logística,0.5288179363775091,0.979253112033195,0.23547671632352968
Regresión Logística,0.5427867120554055,0.979253112033195,0.22408452540117632
Regresión Logística,0.5427867120554055,0.983402489626556,0.22404787113732322
Regresión Logística,0.7572485033454631,0.983402489626556,0.09359562948594483
Regresión Logística,0.7572485033454631,0.9875518672199171,0.09358458210448252
Regresión Logística,0.7615917361192628,0.9875518672199171,0.09168463554185155
Regresión Logística,0.7615917361192628,0.991701244813278,0.09160846666370888
Regresión Logística,0.7961028289705364,0.991701244813278,0.07573958012504754
Regresión Logística,0.7961028289705364,0.995850622406639,0.07569378951325056
Regresión Logística,0.8072543725789412,0.995850622406639,0.07119866697946578
Regresión Logística,0.8072543725789412,1.0,0.07118657758317214
Regresión Logística,1.0,1.0,0.006029252716289193
Random Forest,0.0,0.0,inf
Random Forest,0.0,0.8049792531120332,1.0
Random Forest,0.0,0.8547717842323651,0.99
Random Forest,0.0,0.8879668049792531,0.97
Random Forest,0.0,0.9087136929460581,0.96
Random Forest,0.0,0.9128630705394191,0.95
Random Forest,0.0,0.9253112033195021,0.94
Random Forest,0.00011738466956215518,0.9294605809128631,0.93
Random Forest,0.00011738466956215518,0.9377593360995851,0.92
Random Forest,0.00011738466956215518,0.941908713692946,0.91
Random Forest,0.00011738466956215518,0.950207468879668,0.9
Random Forest,0.00011738466956215518,0.9543568464730291,0.88
Random Forest,0.00023476933912431035,0.9543568464730291,0.8
Random Forest,0.00023476933912431035,0.9585062240663901,0.76
Random Forest,0.0005869233478107759,0.9585062240663901,0.69
Random Forest,0.0005869233478107759,0.966804979253112,0.67
Random Forest,0.0007043080173729311,0.966804979253112,0.66
Random Forest,0.0007043080173729311,0.970954356846473,0.65
Random Forest,0.0010564620260593966,0.970954356846473,0.62
Random Forest,0.001291231365183707,0.975103734439834,0.61
Random Forest,0.001291231365183707,0.979253112033195,0.59
Random Forest,0.0015260007043080173,0.9875518672199171,0.57
Random Forest,0.0018781547129944828,0.9875518672199171,0.55
Random Forest,0.001995539382556638,0.9875518672199171,0.54
Random Forest,0.0022303087216809484,0.9875518672199171,0.53
Random Forest,0.002582462730367414,0.9875518672199171,0.52
Random Forest,0.002699847399929569,0.9875518672199171,0.5
Random Forest,0.0029346167390538794,0.9875518672199171,0.49
Random Forest,0.0030520014086160346,0.9875518672199171,0.48
Random Forest,0.0034041554173025,0.9875518672199171,0.47
Random Forest,0.004108463434675432,0.9875518672199171,0.46
Random Forest,0.004225848104237586,0.9875518672199171,0.44
Random Forest,0.004578002112924052,0.9875518672199171,0.43
Random Forest,0.005047540791172673,0.9875518672199171,0.41
Random Forest,0.005399694799859138,0.9875518672199171,0.4
Random Forest,0.005517079469421294,0.9875518672199171,0.39
Random Forest,0.006221387486794225,0.9875518672199171,0.35
Random Forest,0.00657354149548069,0.9875518672199171,0.34
Random Forest,0.0066909261650428455,0.9875518672199171,0.33
Random Forest,0.008099542199788708,0.9875518672199171,0.29
Random Forest,0.008216926869350863,0.9875518672199171,0.28
Random Forest,0.008686465547599484,0.9875518672199171,0.27
Random Forest,0.008803850217161638,0.9875518672199171,0.26
Random Forest,0.00950815823453457,0.9875518672199171,0.25
Random Forest,0.00997769691278319,0.9875518672199171,0.24
Random Forest,0.010212466251907502,0.9875518672199171,0.23
Random Forest,0.011855851625777673,0.9875518672199171,0.21
Random Forest,0.012325390304026294,0.9875518672199171,0.2
Random Forest,0.013264467660523535,0.9875518672199171,0.19
Random Forest,0.014438314356145088,0.9875518672199171,0.18
Random Forest,0.015612161051766639,0.9875518672199171,0.16
Random Forest,0.017138161756074657,0.9875518672199171,0.15
Random Forest,0.01878154712994483,0.9875518672199171,0.14
Random Forest,0.020072778495128535,0.9875518672199171,0.13
Random Forest,0.022303087216809486,0.9875518672199171,0.12
Random Forest,0.023711703251555347,0.9875518672199171,0.11
Random Forest,0.025472473294987676,0.9875518672199171,0.1
Random Forest,0.027468012677544312,0.991701244813278,0.09
Random Forest,0.029463552060100952,0.991701244813278,0.08
Random Forest,0.03204601479046836,0.991701244813278,0.07
Random Forest,0.03427632351214931,0.991701244813278,0.06
Random Forest,0.038971710294635524,0.991701244813278,0.05
Random Forest,0.04824509919004578,0.991701244813278,0.04
Random Forest,0.06092264350275854,0.995850622406639,0.03
Random Forest,0.08146496067613569,0.995850622406639,0.02
Random Forest,0.1453222209179481,0.995850622406639,0.01
Random Forest,1.0,1.0,0.0
XGBoost,0.0,0.0,inf
XGBoost,0.0,0.004149377593360996,0.9999988079071045
XGBoost,0.0,0.03319502074688797,0.9999947547912598
XGBoost,0.0,0.04149377593360996,0.9999934434890747
XGBoost,0.0,0.05394190871369295,0.9999927282333374
XGBoost,0.0,0.06224066390041494,0.9999910593032837
XGBoost,0.0,0.12863070539419086,0.9999816417694092
XGBoost,0.0,0.13692946058091288,0.999981164932251
XGBoost,0.0,0.2033195020746888,0.9999701976776123
XGBoost,0.0,0.21161825726141079,0.9999700784683228
XGBoost,0.0,0.3983402489626556,0.999935507774353
XGBoost,0.0,0.4066390041493776,0.9999332427978516
XGBoost,0.0,0.8921161825726142,0.988713264465332
XGBoost,0.00011738466956215518,0.8921161825726142,0.9878084659576416
XGBoost,0.00011738466956215518,0.9045643153526971,0.980867326259613
XGBoost,0.0009390773564972414,0.9045643153526971,0.9442340135574341
XGBoost,0.0009390773564972414,0.9087136929460581,0.9426378607749939
XGBoost,0.0010564620260593966,0.9087136929460581,0.9398794174194336
XGBoost,0.0010564620260593966,0.91701244813278,0.9181628823280334
XGBoost,0.002582462730367414,0.91701244813278,0.7764383554458618
XGBoost,0.002582462730367414,0.921161825726141,0.7361785173416138
XGBoost,0.003286770747740345,0.921161825726141,0.6611399054527283
XGBoost,0.003286770747740345,0.9253112033195021,0.6280158162117004
XGBoost,0.004225848104237586,0.9253112033195021,0.4277879595756531
XGBoost,0.004225848104237586,0.9294605809128631,0.41227981448173523
XGBoost,0.004343232773799742,0.9294605809128631,0.4027228057384491
XGBoost,0.004343232773799742,0.9336099585062241,0.40198665857315063
XGBoost,0.004812771452048363,0.9336099585062241,0.38600513339042664
XGBoost,0.004812771452048363,0.9377593360995851,0.37941625714302063
XGBoost,0.011151543608404743,0.9377593360995851,0.11743378639221191
XGBoost,0.011151543608404743,0.941908713692946,0.11677303910255432
XGBoost,0.01314708299096138,0.941908713692946,0.09160999953746796
XGBoost,0.01314708299096138,0.946058091286307,0.0915750190615654
XGBoost,0.013734006338772156,0.946058091286307,0.08378611505031586
XGBoost,0.013734006338772156,0.950207468879668,0.08094526082277298
XGBoost,0.020307547834252846,0.950207468879668,0.03715318441390991
XGBoost,0.020307547834252846,0.9543568464730291,0.03689814358949661
XGBoost,0.0214813945298744,0.9543568464730291,0.03478861600160599
XGBoost,0.0214813945298744,0.9585062240663901,0.03460962697863579
XGBoost,0.022303087216809486,0.9585062240663901,0.03113546594977379
XGBoost,0.022303087216809486,0.9626556016597511,0.03103742003440857
XGBoost,0.02242047188637164,0.9626556016597511,0.030638286843895912
XGBoost,0.02242047188637164,0.966804979253112,0.03059331327676773
XGBoost,0.04660171381617561,0.966804979253112,0.006736723706126213
XGBoost,0.04660171381617561,0.970954356846473,0.006709574721753597
XGBoost,0.05587510271158587,0.970954356846473,0.004546100739389658
XGBoost,0.05587510271158587,0.975103734439834,0.004500302020460367
XGBoost,0.05986618147669914,0.975103734439834,0.0039579798467457294
XGBoost,0.06010095081582345,0.975103734439834,0.0039553772658109665
XGBoost,0.06221387486794225,0.975103734439834,0.003688389202579856
XGBoost,0.06221387486794225,0.979253112033195,0.003688038792461157
XGBoost,0.09649019838009155,0.979253112033195,0.0014956860104575753
XGBoost,0.09672496771921588,0.979253112033195,0.0014937345404177904
XGBoost,0.1097546660406151,0.979253112033195,0.0011804411187767982
XGBoost,0.1097546660406151,0.983402489626556,0.001175748067907989
XGBoost,0.11221974410142035,0.983402489626556,0.0011298814788460732
XGBoost,0.11221974410142035,0.9875518672199171,0.00112643011379987
XGBoost,0.16363422936964434,0.9875518672199171,0.0005572402733378112
XGBoost,0.16386899870876864,0.9875518672199171,0.0005567417247220874
XGBoost,0.17525531165629768,0.9875518672199171,0.000491172366309911
XGBoost,0.175490080995422,0.9875518672199171,0.000490583770442754
XGBoost,0.19568024416011268,0.9875518672199171,0.00040385464671999216
XGBoost,0.195915013499237,0.9875518672199171,0.000403719546739012
XGBoost,0.2006104002817232,0.9875518672199171,0.0003870920045301318
XGBoost,0.2006104002817232,0.991701244813278,0.0003862607409246266
XGBoost,0.20683178776851743,0.991701244813278,0.00036701513454318047
XGBoost,0.20706655710764174,0.991701244813278,0.0003656292101368308
XGBoost,0.21340532926399813,0.991701244813278,0.00034669405431486666
XGBoost,0.21364009860312244,0.991701244813278,0.00034599719219841063
XGBoost,0.23476933912431036,0.991701244813278,0.00028695829678326845
XGBoost,0.23476933912431036,0.995850622406639,0.0002863936242647469
XGBoost,0.23512149313299682,0.995850622406639,0.00028562030638568103
XGBoost,0.23535626247212113,0.995850622406639,0.00028550269780680537
XGBoost,0.25108580819344994,0.995850622406639,0.00025219900999218225
XGBoost,0.25132057753257425,0.995850622406639,0.0002516928652767092
XGBoost,0.27244981805376217,0.995850622406639,0.00021647407265845686
XGBoost,0.2726845873928865,0.995850622406639,0.00021642578940372914
XGBoost,0.318464608522127,0.995850622406639,0.0001686894247541204
XGBoost,0.3186993778612513,0.995850622406639,0.00016852977569215
XGBoost,0.34111984974762294,0.995850622406639,0.0001478539634263143
XGBoost,0.34135461908674725,0.995850622406639,0.00014773897419217974
XGBoost,0.34158938842587155,0.995850622406639,0.00014763111539650708
XGBoost,0.3418241577649959,0.995850622406639,0.0001474767632316798
XGBoost,0.3926517196854091,0.995850622406639,0.00011322681530145928
XGBoost,0.3928864890245334,0.995850622406639,0.00011312450806144625
XGBoost,0.4371405094494659,0.995850622406639,9.144070645561442e-05
XGBoost,0.4373752787885902,0.995850622406639,9.142178896581754e-05
XGBoost,0.4656649841530696,0.995850622406639,8.018819062272087e-05
XGBoost,0.4658997534921939,0.995850622406639,8.017160143936053e-05
XGBoost,0.5126188519779317,0.995850622406639,6.543780182255432e-05
XGBoost,0.512853621317056,0.995850622406639,6.53263195999898e-05
XGBoost,0.5133231599953046,0.995850622406639,6.526243669213727e-05
XGBoost,0.5135579293344289,0.995850622406639,6.511591345770285e-05
XGBoost,0.514379622021364,0.995850622406639,6.49262365186587e-05
XGBoost,0.5146143913604884,0.995850622406639,6.491051317425445e-05
XGBoost,0.562742105880972,0.995850622406639,5.378826608648524e-05
XGBoost,0.5629768752200962,0.995850622406639,5.374238025979139e-05
XGBoost,0.5937316586453809,0.995850622406639,4.671723218052648e-05
XGBoost,0.5939664279845053,0.995850622406639,4.669211557484232e-05
XGBoost,0.6093438196971476,0.995850622406639,4.360468665254302e-05
XGBoost,0.6093438196971476,1.0,4.358132719062269e-05
XGBoost,0.6140392064796337,1.0,4.273080048733391e-05
XGBoost,0.6142739758187581,1.0,4.27145860157907e-05
XGBoost,0.6159173611926282,1.0,4.252940198057331e-05
XGBoost,0.6161521305317526,1.0,4.252405051374808e-05
XGBoost,0.6190867472708065,1.0,4.16821931139566e-05
XGBoost,0.6193215166099307,1.0,4.167980659985915e-05
XGBoost,0.6848221622256133,1.0,3.213016680092551e-05
XGBoost,0.6850569315647377,1.0,3.2116196962306276e-05
XGBoost,0.7195680244160113,1.0,2.753999797278084e-05
XGBoost,0.7198027937551356,1.0,2.7530073566595092e-05
XGBoost,0.7350628007982157,1.0,2.529631819925271e-05
XGBoost,0.7352975701373401,1.0,2.5287488824687898e-05
XGBoost,0.7492663458152365,1.0,2.3790618797647767e-05
XGBoost,0.7495011151543608,1.0,2.3789190890965983e-05
XGBoost,0.7517314238760417,1.0,2.355481956328731e-05
XGBoost,0.7519661932151661,1.0,2.354931530135218e-05
XGBoost,0.7901162108228665,1.0,1.981729656108655e-05
XGBoost,0.7903509801619908,1.0,1.9803826944553293e-05
XGBoost,0.7918769808662989,1.0,1.9647821318358183e-05
XGBoost,0.7921117502054231,1.0,1.9637818695628084e-05
XGBoost,0.798802676370466,1.0,1.8995684513356537e-05
XGBoost,0.7990374457095903,1.0,1.89922793651931e-05
XGBoost,0.8117149900223031,1.0,1.7626445696805604e-05
XGBoost,0.8119497593614274,1.0,1.757478094077669e-05
XGBoost,0.8633642446296513,1.0,1.2825101293856278e-05
XGBoost,0.8635990139687757,1.0,1.2814745787181892e-05
XGBoost,0.973471064678953,1.0,3.410065573916654e-06
XGBoost,0.9737058340180772,1.0,3.406606992939487e-06
XGBoost,0.9778142974527527,1.0,2.952107479359256e-06
XGBoost,0.978049066791877,1.0,2.9321970487217186e-06
XGBoost,1.0,1.0,1.777976308403595e-07
